{
    "Day_1": {
        "R": 3.75,
        "M": 0.5357142857142857,
        "O": 1.25,
        "N": 12.464285714285715
    },
    "Day_2": {
        "R": 3.787878787878788,
        "M": 0.4512987012987013,
        "O": 0,
        "N": 13.76082251082251
    },
    "Day_3": {
        "R": 2.6515151515151514,
        "M": 0.4642857142857143,
        "O": 1.3636363636363638,
        "N": 13.520562770562771
    }
}